Site Name,State Territory or Tribe,Latitude,Longitude,Total
AAOF Blair Hangar, VI,17.725062,-64.782945,1
AASF #1 R W Shepherd Hope Hull, AL,32.287216,-86.394073,1
AASF #2 Birmingham, AL,33.572333,-86.750542,1
AASF #2 TN, TN,35.821234,-83.994949,1
AASF #2 WA, WA,47.618166,-117.641352,1
AASF #3 Bates Field Mobile, AL,30.69254,-88.245547,1
AASF Byrd Field, VA,37.506614,-77.320779,1
AASF Concord, NH,43.212389,-71.496895,1
AASF Guam, GU,13.47407339,144.8098847,1
AASF Jackson, MS,32.333724,-90.226122,1
AASF Main Hangar-cold storage, NJ,40.029701,-74.316384,1
AASF Meridian, MS,32.345178,-88.742131,1
AASF PR, PR,18.455318,-66.096087,1
AASF Tupelo, MS,34.26467,-88.766437,1
AASF Upstate, SC,34.7676983,-82.3736556,1
AASF-E.J. Garn Aviation Complex, UT,40.613167,-111.998167,1
Aberdeen Proving Ground, MD,39.39057967,-76.21890509,1
Aberdeen Proving Ground - Adelphi Laboratory Center, MD,39.029992,-76.963782,1
Adak AK NAF, AK,51.788199,-176.696676,1
Air Force Plant 3, OK,36.18695,-95.874957,1
Air Force Plant 36, OH,40.417287,-82.907123,1
Air Force Plant 4, TX,32.725409,-97.32085,1
Air Force Plant 42, CA,34.621164,-118.077376,1
Air Force Plant 44, AZ,32.221743,-110.926479,1
Air Force Plant 6, GA,33.933353,-84.534014,1
Air Force Plant 85, OH,39.980211,-82.894764,1
Air Force Plant PJKS, CO,39.51,-105.12,1
Air Force Research Laboratory Mesa, AZ,33.30341616,-111.6646792,1
Air Force Research Laboratory Rome, NY,43.212847,-75.45573,1
ALAAP, AL,33.333333,-86.333333,1
ALAMEDA_NAS, CA,37.773754,-122.243998,1
Albany AASF #3/DMNA HQ /FMS #16, NY,42.74292964,-73.80045611,1
ALBANY GA MCLB, GA,31.550889,-84.055892,1
Allendale Armory, SC,33.015054,-81.306066,1
Alpena, MI,45.084792,-83.567242,1
Altus AFB, OK,34.655689,-99.284617,1
AMCHITKA AK FLTSURSPTDET1, AK,51.425375,179.242971,1
AMES LABORATORY, IA,42.030882,-93.647823,1
ANNAPOLIS MD NAVACAD, MD,38.983955,-76.497141,1
ANNAPOLIS MD NS, MD,38.989852,-76.462426,1
Annapolis NSWC Carderock DIV Det, MD,38.985337,-76.472008,1
Anniston Army Depot, AL,33.65285727,-85.96953096,1
ARGONNE NATIONAL LABORATORY, IL,41.707232,-87.981551,1
Arnold AFB, TN,35.39881,-86.078066,1
ASF Clearwater, FL,27.917761,-82.693393,1
ASF Conroe, TX,30.34871,-95.42492,1
ASF New Century, KS,38.83556015,-94.89738362,1
Atlantic City, NJ,39.448024,-74.582132,1
Austin Bergstrom Hangar, TX,30.17630456,-97.67209496,1
Avon Park Air Force Reserve, FL,27.59567,-81.506186,1
AZUSA CA NCCOSC MORRIS DA, CA,34.181876,-117.871852,1
Badger Army Ammunition Plant, WI,43.369696,-89.765705,1
BAINBRIDGE MD NTC, MD,39.628198,-76.099903,1
Bangor International Airport, ME,44.81547,-68.824186,1
Bangor Training Site, ME,44.8083214,-68.84312999,1
BARBERS POINT HI NAS, HI,21.328792,-158.080862,1
Barbers Point NAS, HI,21.328792,-158.080862,1
BARKING SANDS HI PMRF, HI,22.05344,-159.779982,1
Barksdale AFB, LA,32.501945,-93.662781,1
Barnes Municipal, MA,42.168377,-72.717661,1
BARROW AK NARL, AK,71.321729,-156.647955,1
BARSTOW CA MCLB, CA,34.859366,-116.944444,1
Beale AFB, CA,39.149707,-121.431134,1
BEAUFORT SC MCAS, SC,32.475964,-80.726366,1
BEDFORD MA NWRIP, MA,42.477093,-71.289206,1
Bellows Air Force Station, HI,21.369086,-157.711144,1
Belmont Armory, MI,43.1030057,-85.6288832,1
BELTSVILLE AGRICULTURAL RESEARCH CENTER, MD,39.029166,-76.884583,1
Bend COTEF (Youth Challenge), OR,44.0257925,-121.1282794,1
Bergstrom AFB, TX,30.1974292,-97.6663058,1
Bethel AAOF, AK,60.79553303,-161.7674653,1
BETHPAGE NY NWIRP, NY,40.752573,-73.496646,1
Biak Training Areas Brett Hall, OR,44.20002409,-121.1166419,1
Biddle ANGB (formerly Horsham/Willow Grove ANG), PA,40.208241,-75.148506,1
Birmingham International Airport, AL,33.570709,-86.75355,1
Bismarck AASF Complex, ND,46.8293665,-100.7201676,1
BLOOMFIELD CT NWIRP, CT,41.861176,-72.701182,1
Blue Grass Army Depot, KY,37.69905813,-84.21740826,1
Bluegrass Army Depot BRAC, KY,37.69905813,-84.21740826,1
Boise, ID,43.558945,-116.221981,1
Boone AASF, IA,42.049229,-93.85442,1
Boone National Guard Center - AASF, KY,38.18572722,-84.90847848,1
Bradley International Airport, CT,41.935241,-72.701148,1
Bremerton, WA,47.55271861,-122.6813516,1
BREMERTON WA NAVBASE, WA,47.711998,-122.714478,1
BRISTOL TN NWIRP, TN,36.547518,-82.188498,1
Brookhaven National Laboratory, NY,40.86,-72.869583,1
Brooks-City Base, TX,29.3493683,-98.4395121,1
Brooksville RC  AASF #2, FL,28.479416,-82.453615,1
Brunswick Armed Forces Reserve Center, ME,43.87548147,-69.92112289,1
Brunswick East, ME,43.877972,-69.923445,1
Brunswick NAS, ME,43.890348,-69.934373,1
Brunswick West, ME,43.902846,-69.93643,1
Bryant Airfield- JBER, AK,61.26265,-149.654661,1
Buckley Air Force Base AASF, CO,39.705503,-104.762353,1
Buckley Annex, CO,39.72098142,-104.8952544,1
Buckley Space Force Base, CO,39.7,-104.76,1
Burlington, VT,44.473793,-73.146718,1
Calumet Air Force Station, MI,47.371111,-88.170556,1
CALVERTON NY NPRO, NY,40.914038,-72.794466,1
Camp Adair Corvallis, OR,44.71433608,-123.2706959,1
Camp Atterbury/Range 36 ATG, IN,39.341645,-86.029329,1
Camp Beauregard, LA,31.37764396,-92.38669224,1
Camp Blanding, FL,29.981451,-81.984814,1
Camp Bonneville, WA,45.695259,-122.41447,1
Camp Dodge Johnston Training Site, IA,41.81101484,-93.78152675,1
Camp Edwards, MA,41.70035152,-70.54483921,1
CAMP H. M. SMITH OAHU HI, HI,21.386389,-157.905555,1
CAMP LEJEUNE NC MCB, NC,34.644556,-77.417747,1
Camp McCain, MS,33.71088214,-89.68593352,1
Camp Minden, LA,32.55892028,-93.39405347,1
Camp Murray, WA,47.11671649,-122.5697,1
Camp Navajo, AZ,35.1948002,-111.8505948,1
CAMP PENDLETON CA MCB, CA,33.361871,-117.423732,1
Camp Pendleton SMR, VA,36.81858,-75.97885,1
Camp Ripley (all AOIs), MN,46.21081888,-94.42526758,1
Camp Ripley (Installation Wide PA) (Western AOI SI), MN,46.21081888,-94.42526758,1
Camp Roberts, CA,35.78159534,-120.7800406,1
Camp Robinson, AR,34.90003625,-92.30680194,1
Camp San Luis Obispo, CA,35.3391521,-120.703075,1
Camp Santiago Joint Maneuver Training Center, PR,18.02876524,-66.28360937,1
Camp Shelby, MS,31.09024639,-89.00686774,1
Camp Smith/CSMS A, NY,41.3118889,-73.95093535,1
Camp Villere, LA,30.32335312,-89.80852563,1
Camp Williams, UT,40.43424864,-111.9273746,1
Cannon AFB, NM,34.39,-103.32,1
Cape Canaveral Space Force Station, FL,28.467501,-80.566391,1
Carlisle Barracks, PA,40.20736366,-77.16880374,1
Carswell AFB, TX,32.76864098,-97.43114914,1
Casper, WY,42.80799789,-106.4026774,1
Castle AFB, CA,37.3648271,-120.5779088,1
Caswell Training Site, ME,46.982517,-67.864358,1
Cavalier Space Force Station, ND,48.724531,-97.90307,1
Cecil Field NAS, FL,30.223787,-81.884578,1
Central Oregon Unit Training Equipment Site, OR,44.256494,-121.133576,1
Channel Islands, CA,34.13921,-119.110471,1
Chanute AFB, IL,40.2889039,-88.14378312,1
Charles Melvin Price Support Center, IL,38.701439,-90.14872,1
Charleston NS, SC,32.944468,-79.963541,1
Charleston NSY, SC,33.000443,-79.971365,1
Charlotte Douglas, NC,35.216119,-80.929691,1
Chase Field NAS, TX,28.362916,-97.659996,1
CHERRY POINT NC MCAS, NC,34.91032,-76.884876,1
CHESAPEAKE BEACH MD RESLB, MD,38.658473,-76.532016,1
CHESAPEAKE VA NSGA NW, VA,36.559099,-76.267485,1
CHESAPEAKE VA STJULCREEK, VA,36.787949,-76.310164,1
Chesterfield Limited AASF, VA,37.405967,-77.523359,1
Cheyenne AASF, WY,41.161379,-104.809354,1
Cheyenne Mountain Space Force Station, CO,38.741656,-104.833877,1
Cheyenne Municipal, WY,41.16155,-104.82013,1
Chicago (Midway Armory  AASF #2), IL,41.778701,-87.756703,1
CHINA LAKE CA NAWCWPNSDIV, CA,35.689049,-117.688575,1
Christmas Valley Radar Site, OR,43.238676,-120.670942,1
CID CORRY STATION, FL,30.402749,-87.290008,1
Clear Space Force Station, AK,64.288438,-149.191567,1
Cold Regions Research and Engineering Laboratory, NH,43.723915,-72.270968,1
Columbus AFB, MS,33.63,-88.43,1
Concord NWS, CA,38.015084,-122.013427,1
Cornhusker Army Ammunition Plant, NE,40.918573,-98.495056,1
CORPUS CHRISTI TX NAS, TX,27.691281,-97.2791,1
CRANEY ISLAND VA NFD/NSC, VA,36.888786,-76.360555,1
Creech AFB, NV,36.582669,-115.676219,1
Crows NALF, CA,37.413631,-121.108974,1
CTC Camp Dawson-Kingwood, WV,39.40450838,-79.66729183,1
CURTIS BAY COAST GUARD YARD, MD,39.2,-76.572694,1
Dade City Readiness Center, FL,28.366375,-82.187296,1
DAHLGREN VA NSWCTR DIV, VA,38.339866,-77.032564,1
Dallas NAS, TX,32.737542,-96.968652,1
DALLAS TX NWIRP, TX,32.737542,-96.968652,1
DAM NECK VA, VA,36.788066,-75.965501,1
Davenport AASF, IA,41.617325,-90.581831,1
Davis-Monthan AFB, AZ,32.155284,-110.860601,1
DAVISVILLE_NCBC, RI,41.611616,-71.442176,1
DDMT, TN,35.085567,-89.988038,1
Decatur AASF #1, IL,39.839786,-88.878467,1
Defense Distribution Center Susquehanna, PA,40.211628,-76.852831,1
Defense Supply Center Richmond, VA,37.415139,-77.436278,1
Des Moines, IA,41.539889,-93.661747,1
Detroit Arsenal, MI,42.49733672,-83.04133841,2
Devens, MA,42.49838921,-71.65641689,1
Devens Reserve Forces Training Area, MA,42.537344,-71.617638,1
DFSP Newington, NH,43.106981,-70.804747,1
DFSP Norwalk, CA,33.892245,-118.072723,1
DFSP Ozol, CA,38.026409,-122.163243,1
DFSP San Pedro, CA,33.774957,-118.29644,1
DFSP Verona, NY,43.126797,-75.589813,1
Dobbins Air Reserve Base, GA,33.91719,-84.514354,1
Dover AFB, DE,39.132289,-75.486514,1
Driver NRTF, VA,36.818037,-76.540076,1
Dugway Proving Ground, UT,40.15449559,-113.284078,1
Duluth International Airport, MN,46.844925,-92.175553,1
Duncan Armory AASF, DE,39.683568,-75.614756,1
Dyess AFB, TX,32.423716,-99.84689,1
Eaker AFB, AR,35.957472,-89.932472,1
Eareckson AFS, AK,52.7225,-174.1136,1
EAST TENNESSEE TECHNOLOGY PARK, TN,35.933333,-84.396667,1
Edgemeade TS Mountain Home, ID,43.043506,-115.863574,1
Edwards AFB, CA,34.924469,-117.942931,1
Eglin AFB, FL,30.483333,-86.533333,1
Eielson AFB, AK,52.7225,-174.1136,1
El Campo, TX,29.173393,-96.25306,1
EL CENTRO CA NAF, CA,32.825394,-115.668153,1
El Toro MCAS, CA,33.67391,-117.714143,1
Ellington Field, TX,29.608772,-95.175616,1
Ellington Field,,29.616048,-95.16801,1
Ellsworth AFB, SD,44.14,-103.07,1
ENERGY TECHNOLOGY ENGINEERING CENTER, CA,34.2367,-118.6676,1
England AFB, LA,31.32833151,-92.5387328,1
Esler Field AASF #2, LA,31.39773394,-92.29728271,1
EVERETT WA NAVSTA, WA,47.989228,-122.223608,1
EWVRA Shepherd Field (Martinsburg), WV,39.404864,-77.985639,1
Fairchild AFB, WA,47.615002,-117.658058,1
FALLON NV NAS, NV,39.424148,-118.711564,1
Fargo AASF #2, ND,46.921336,-96.823886,1
FE Warren AFB, WY,41.165614,-104.862969,1
Federal Aviation Administration Technical Center, NJ,39.458331,-74.583339,1
FERMI NATIONAL ACCELERATOR LABORATORY, IL,41.842145,-88.250487,1
FISC JAX (NWCF), FL,30.40006,-81.624952,1
Fixed wing AAS, WV,38.372895,-81.586896,1
Florence Military Reservation, AZ,33.13578125,-111.3302059,1
Forbes Field, KS,38.961726,-95.679662,1
Former Crash Fire Station  Building 241, NH,43.085482,-70.820252,1
Fort Allen, PR,18.008106,-66.503893,1
Fort AP Hill, VA,38.11800449,-77.27595807,1
Fort Belvoir, VA,38.699606,-77.155693,1
Fort Benjamin Harrison, IN,39.862443,-86.007414,1
Fort Benning, GA,32.39959328,-84.80114597,1
Fort Benning - Camp Merrill, GA,34.628314,-84.10428,1
Fort Bliss, TX,31.81234931,-106.421564,1
Fort Bragg, NC,35.13623674,-79.14396534,1
Fort Bragg - Camp Mackall, NC,35.0301023,-79.48162417,1
Fort Buchanan, PR,18.415503,-66.120552,1
Fort Campbell, KY,36.66978171,-87.6718272,1
Fort Carson, CO,38.5587412,-104.8267685,1
Fort Chaffee, AR,35.250288,-94.162576,1
Fort Detrick, MD,39.43953359,-77.43285676,1
Fort Detrick - Forest Glen Annex, MD,39.00611592,-77.05523021,1
Fort Drum, NY,44.12481204,-75.59206742,1
Fort Gillem, GA,33.6202,-84.3289,1
Fort Gordon, GA,33.35666824,-82.23726792,1
Fort Gordon - Gillem Annex, GA,33.6232411,-84.32586379,1
Fort Greely, AK,63.96677809,-145.7151137,1
Fort Hamilton, NY,40.60848613,-74.02950564,1
Fort Hood, TX,31.21746111,-97.74243904,1
Fort Huachuca, AZ,31.56947231,-110.3293164,1
Fort Hunter Liggett, CA,35.95540657,-121.2537695,1
Fort Hunter Liggett - Parks Reserve Forces Training Area, CA,36.008925,-121.236905,1
Fort Indiantown Gap, PA,40.43586367,-76.6298908,1
Fort Irwin, CA,35.37432686,-116.6333883,1
Fort Jackson, SC,34.03983293,-80.82799127,1
Fort Knox, KY,37.90701739,-85.88312253,1
Fort Leavenworth, KS,39.36416976,-94.91825122,1
Fort Lee, VA,37.24943962,-77.33472772,1
Fort Leonard Wood, MO,37.794443,-92.135002,1
Fort McClellan, AL,33.73163673,-85.78988628,1
Fort McClellan BRAC, AL,33.73163673,-85.78988628,1
Fort McCoy, WI,44.03353087,-90.67656365,1
Fort McPherson, GA,33.707858,-84.435532,1
Fort Meade, MD,39.0879,-76.7593,1
Fort Meade,,39.10583157,-76.74368787,1
Fort Meade - Phoenix Military Reservation, MD,39.098126,-76.729237,1
Fort Monmouth, NJ,40.307889,-74.061462,1
Fort Monroe, VA,37.017161,-76.298381,1
Fort Ord, CA,36.6068,-121.91033,1
Fort Pickett, VA,37.072649,-77.970156,1
Fort Pickett MTC, VA,37.03675273,-77.90931728,1
Fort Pierce Readiness Center, FL,27.447074,-80.327005,1
Fort Polk, LA,31.044452,-93.222085,1
Fort Polk - Peason Ridge, LA,31.047404,-93.189694,1
Fort Riley, KS,39.20674522,-96.82481736,1
Fort Rucker, AL,31.40407901,-85.74738942,1
Fort Ruger, HI,21.26302231,-157.8041817,1
Fort Sheridan, IL,42.206824,-87.810311,1
Fort Sill, OK,34.68225882,-98.48341452,1
Fort Stewart, GA,31.99356501,-81.61677234,1
Fort Stewart - Hunter AAF, GA,32.00965655,-81.15356006,1
Fort Wainwright, AK,64.54471948,-147.7084456,1
Fort Wainwright - Gerstle River Test Site, AK,63.792949,-145.035626,1
Fort Wainwright - Haines Pipeline Facilities, AK,64.829335,-147.544263,1
Fort Wayne Municipal, IN,40.982473,-85.179938,1
Fort William Henry Harrison /JFHQ MT, MT,46.630102,-112.087286,1
Fort Wingate, NM,35.473286,-108.543867,1
Four Lakes Air National Guard Station, WA,47.50513059,-117.5781765,1
Francis S. Gabreski, NY,40.836874,-72.643138,1
Fresno Air Guard, CA,36.766161,-119.706743,1
Fresno TASMG, CA,36.786152,-119.71955,1
Ft Custer, MI,42.29942537,-85.31771753,1
FT WORTH TX NAS JRB, TX,32.76881,-97.433658,1
Ft. Belvoir AASF, VA,38.699606,-77.155693,1
Ft. Smith, AR,35.341204,-94.369701,1
Galena Forward Operating Location, AK,64.73645171,-156.9364528,1
Gary AASF, IN,41.617691,-87.416242,1
General Lucius D. Clay National Guard Center, GA,33.91362914,-84.5290094,1
General Mitchell, WI,43.038903,-87.906474,1
General Mitchell Air Reserve Station, WI,42.94231558,-87.88642825,1
Gentile Air Force Station, OH,39.71616171,-84.15023528,1
George AFB, CA,34.58295372,-117.3921971,1
Georgia Garrison Training Center, GA,31.874874,-81.594092,1
Glenview NAS, IL,42.090103,-87.825578,1
Goodfellow AFB, TX,31.434928,-100.403137,1
Gowen Field Boise/Airport Training Area, ID,43.562138,-116.228421,1
Grand Forks AFB, ND,47.961111,-97.401111,1
Grand Island AASF/RC, NE,40.9618174,-98.29879207,1
Grand Ledge AASF, MI,42.772467,-84.734148,1
Grand Prairie (DNAS), TX,32.73127422,-96.97946795,1
Great Falls International Airport, MT,47.477513,-111.363902,1
GREAT LAKES IL NSTC, IL,42.301077,-87.849436,1
Greater Peoria, IL,40.660089,-89.695647,1
Green Armory AASF#1, OH,40.926468,-81.444497,1
Griffiss AFB, NY,43.23032993,-75.40532019,1
Grissom AFB, IN,40.661823,-86.1446493,1
Grissom Air Reserve Base, IN,40.661823,-86.144649,1
Groton AVCRAD and TASMG Hangar 2, CT,41.334989,-72.048947,1
Guam Agana NAS, GU,13.473339,144.824168,1
GUAM FLT & INDUS SUP CTR, GU,13.427392,144.658531,1
GUAM NAVACTS, GU,13.368366,144.693728,1
GUAM NCTAMS WESTPAC, GU,13.4383,144.772929,1
GUAM NSRF, GU,13.4383,144.772929,1
GUAM PWC, GU,13.419606,144.673653,1
Gulfport Biloxi, MS,30.410685,-89.061049,1
GULFPORT MS NCBC, MS,30.377954,-89.126405,1
Gurabo Readiness Center, PR,18.254498,-65.972905,1
Gypsum (HAATS), CO,39.646808,-106.916528,1
Hamilton Airfield, CA,38.059192,-122.508054,1
HAMILTON ARMY AIRFIELD, CA,38.05805556,-122.5125,1
Hammond AASF #1, LA,30.518826,-90.407097,1
Hancock Field, NY,43.102434,-76.10323,1
HANFORD, WA,46.53287,-119.500976,1
Hanscom AFB, MA,42.46,-71.28,1
Harrisburg International Airport, PA,40.19122,-76.747018,1
Hawthorne Army Depot, NV,38.54406113,-118.656688,1
Hector Field, ND,46.911345,-96.804229,1
Helena Aviation Readiness Center - AASF, MT,46.61488112,-112.0064051,1
Hill AFB, UT,41.13211,-111.993982,1
Hilo AASF #2, HI,19.718381,-155.042481,1
Holloman AFB, NM,32.851387,-106.102219,1
Holman Field AASF, MN,44.939777,-93.069701,1
Holston Army Ammunition Plant, TN,36.52558598,-82.64400703,1
Homestead AFB, FL,25.49344829,-80.38999047,1
Homestead Air Reserve Base, FL,25.489029,-80.394086,1
Hulman, IN,39.453963,-87.295111,1
Hunter AAF - AASF Hangar 805, GA,32.011426,-81.147077,1
Hunters Point Annex, CA,37.723188,-122.369263,1
Hurlburt Field, FL,30.620166,-86.540067,1
IDAHO NATIONAL LABORATORY, ID,43.572224,-112.933334,1
IMPERIAL BEACH CA NAVALF, CA,32.562403,-117.11201,1
INDIAN HEAD MD NSWCTRDIV, MD,38.58451,-77.179562,1
INDIAN ISLAND WA NAVMAG, WA,48.052221,-122.725939,1
Indiana Army Ammunition Plant, IN,38.424461,-85.655475,1
Indianapolis, IN,39.796389,-86.063889,1
Iowa Army Ammunition Plant, IA,40.79200259,-91.2456158,1
Jackson, MS,32.324768,-90.081887,1
Jackson Airport Armory/AASF #3, TN,35.59814624,-88.91295891,1
Jacksonville, FL,30.488679,-81.702426,1
JACKSONVILLE FL NAS, FL,30.221191,-81.690913,1
Jacksonville  Cecil Field  AASF #1, FL,30.222584,-81.880855,1
JB Lewis McChord, WA,47.05447405,-122.5527009,1
JB Lewis McChord - Yakima Training Center, WA,46.7445309,-120.1657252,1
JB Myer Henderson Hall, VA,38.87861708,-77.07571308,1
JBPHH PEARL HARBOR HI, HI,21.325526,-157.951256,1
Jefferson City AASF/Armory, MO,38.55152739,-92.06843539,1
Jefferson Proving Ground, IN,38.775,-85.414167,1
JFHQ Camp Johnson, VT,44.49962713,-73.16462119,1
JFTB Los Alamitos, CA,33.79121129,-118.0522268,1
Joe Foss Field (Sioux Falls), SD,43.574744,-96.743447,1
Johnstown AASF #2/Readiness Center, PA,40.31642343,-78.83650161,1
JOINT BASE ANACOSTIA-BOLLING, DC,38.844907,-77.014723,1
Joint Base Andrews, MD,38.79652,-76.883626,1
Joint Base Berry Field, TN,36.106143,-86.684706,1
Joint Base Charleston, SC,32.776566,-79.930922,1
Joint Base Elmendorf-Richardson, AK,61.253056,-149.793884,1
Joint Base Langley-Eustis, VA,37.077122,-76.366699,1
Joint Base McGuire-Dix-Lakehurst, NJ,40.041267,-74.584368,1
Joint Base San Antonio - Lackland  Randolph  Ft Sam Houston  Camp Bullis, TX,29.382631,-98.613324,1
Joint Forces Headquarters SD, SD,44.083013,-103.266695,1
Joliet Army Ammunition Plant, IL,41.365644,-88.109535,1
Juneau AAOF, AK,58.35816,-134.56841,1
Kalaoloa Facility (Former Barbers Point-NAS), HI,21.31926825,-158.0624939,1
KANEOHE BAY HI MCB, HI,21.444199,-157.753087,1
Kankakee AASF / Readiness Center, IL,41.06971,-87.857904,1
Kansas Army Ammunition Plant, KS,37.285294,-95.184127,1
KANSAS CITY MO, MO,38.842636,-94.552747,2
KANSAS CITY NATIONAL SECURITY CAMPUS - BFC, MO,38.863392,-94.546406,1
Keesler AFB, MS,30.411388,-88.923615,1
Kelly AFB, TX,29.3820256,-98.5785196,1
Key Field, MS,32.342281,-88.74557,1
KEY WEST FL NAS, FL,24.574967,-81.690399,1
KEY WEST FL NAS,,,-81.690399,1
KEYPORT WA NUWC DIV, WA,47.696674,-122.621589,1
KI Sawyer AFB, MI,46.34231754,-87.38786014,1
KINCHELOE AIR FORCE BASE, MI,46.263333,-84.465278,1
King Salmon, AK,58.6919,-156.6651842,1
KINGS BAY GA NSB, GA,30.793459,-81.533326,1
KINGSVILLE TX NAS, TX,28.246275,-98.723874,1
Kirtland AFB, NM,35.049035,-106.616694,1
Klamath Falls, OR,42.162258,-121.743782,1
KNOLLS ATOMIC POWER LABORATORY, NY,42.82278,-73.867763,1
KNOLLS ATOMIC POWER LABORATORY-KESSELRING SITE, NY,43.040652,-73.954655,1
Kulis Air National Guard Base, AK,61.16744416,-149.9748937,1
Kwajalein Atoll,Other,8.725917395,167.7316972,1
Lake Charles Chenault Airfield, LA,30.216782,-93.150759,1
Lake City Ammunition Plant, MO,39.09675916,-94.25057938,1
Lakeland Readiness Center, FL,28.054031,-81.944709,1
Lambert St. Louis, MO,38.746263,-90.373372,1
Lansing Airport Hangar, MI,42.76814806,-84.57130826,1
Las Vegas Cheyenne AASF, NV,36.217766,-115.200062,1
Laughlin AFB, TX,29.358756,-100.785707,1
LAWRENCE BERKELEY NATIONAL LABORATORY, CA,37.87764,-122.25205,1
LAWRENCE LIVERMORE NATIONAL LABORATORY, CA,37.6798,-121.71734,1
LAWRENCE LIVERMORE NATIONAL LABORATORY SITE 300, CA,37.63425,-121.499553,1
LEMOORE CA NAS, CA,36.319087,-119.934069,1
Letterkenny Army Depot, PA,40.02032999,-77.70181756,1
Letterkenny Army Depot,,40.02032999,-77.70181756,1
Lexington AASF #1, OK,35.016928,-97.335674,1
Lima Army Tank Plant, OH,40.704096,-84.130938,1
Lincoln AASF/Readiness Center, NE,40.8373223,-96.75499208,1
Lincoln Municipal, NE,40.840605,-96.753834,1
LITTLE CREEK VA NAVPHIBSE, VA,36.916243,-76.159639,1
Little Rock AFB, AR,34.911592,-92.146859,1
Lompoc, CA,34.642857,-120.449395,1
Lone Star AAP, TX,32.663763,-94.140491,1
Long Beach NS, CA,33.742022,-118.233407,1
Long Beach NSY, CA,33.751449,-118.259981,1
Longhorn Army Ammunition Plant, TX,32.662154,-94.141184,1
Loring AFB, ME,46.93967629,-67.9052516,1
LOS ALAMOS NATIONAL LABORATORY, NM,35.873967,-106.3195,1
Los Angeles Space Force Base, CA,33.91903,-118.381147,1
Louisville Crane Division Det NOS/NSWC, KY,38.170118,-85.758454,1
Lowry AFB, CO,39.72105806,-104.8969743,1
Luke AFB, AZ,33.539951,-112.366482,1
MacDill AFB, FL,27.844417,-82.506216,1
Madison AASF #2, WI,43.125892,-89.337075,1
Malmstrom AFB, MT,47.504959,-111.188026,1
MANCHESTER ANNEX, WA,47.5725,-122.550556,1
MANCHESTER WA FUELDPTPSND, WA,47.567032,-122.546663,1
Mansfield, OH,40.813367,-82.516612,1
Mansfield LAHM Fire Station, OH,40.759497,-82.510411,1
March AFB, CA,33.89820299,-117.2637284,1
March Air Reserve Base, CA,33.891333,-117.263874,1
Mare Island NSY, CA,38.091386,-122.275968,1
Mariana Readiness Ctr, FL,30.774413,-85.227497,1
Martin State, MD,39.334037,-76.419037,1
Martindale - AASF, TX,29.43181578,-98.37950779,1
Mather AFB, CA,38.5636592,-121.297211,1
Maxwell-Gunter AFB, AL,32.382385,-86.359798,1
Mayaquez Readiness Center, PR,18.252126,-67.154048,1
MAYPORT FL NS, FL,30.382316,-81.42314,1
McAlester Army Ammunition Plant, OK,34.82206077,-95.93987093,1
McClellan AFB, CA,38.66002426,-121.4004543,1
MCCLENNAN TX NIROP, TX,31.408711,-97.439214,1
McConnell AFB, KS,37.620787,-97.277092,1
McCrady Training Site, SC,34.011351,-80.719128,1
McEntire Air Guard, SC,33.922953,-80.80061,1
McEntire ANG AASF, SC,34.76619612,-82.37220008,1
McGhee-Tyson, TN,35.812622,-84.000572,1
McNary Field Salem AASF, OR,44.91167147,-122.9996893,1
MECHANICSBURG PA NAVICP, PA,40.227695,-76.986598,1
Memphis International Airport, TN,35.066721,-89.972734,1
Memphis NAS (Millington), TN,35.332658,-89.869123,1
MERIDIAN MS NAS, MS,32.553099,-88.569333,1
MIDWAY ISLAND NAF,Other,28.209436,-177.378577,1
Milan Army Ammunition Plant, TN,35.87583887,-88.70520787,1
Military Ocean Terminal Concord, CA,38.05317949,-122.0182605,1
Military Ocean Terminal Sunny Point, NC,34.01823375,-77.97322312,1
MILLINGTON TN SUPPACT, TN,35.332658,-89.869123,1
MINNEAPOLIS MN NIROP, MN,45.055648,-93.276432,1
Minneapolis-St Paul Air Reserve Station, MN,44.890493,-93.206278,1
Minneapolis-St Paul IAP, MN,44.890493,-93.206278,1
Minot AFB, ND,48.41814,-101.34533,1
MIRAMAR CA MCAS, CA,32.876845,-117.088012,1
MOAB SITE, UT,38.60641,-109.58095,1
Moffett Field, CA,37.41292,-122.040416,1
Moffett Field NAS, CA,37.409994,-122.049505,1
Montgomery Regional (Dannelly Field) MONTGOMERY ANGB (EESOH-MIS name), AL,32.304676,-86.40026,1
Moody AFB, GA,30.97,-83.19,1
Morris (Tucson International Airport), AZ,32.130542,-110.949322,1
Morrisville AASF #1, NC,35.867549,-78.777811,1
Mountain Home AFB, ID,43.05,-115.87,1
MTA Camp Rilea, OR,46.12882651,-123.9443763,1
MTC-H Camp Grayling Airfield (installation-wide PAI), MI,44.630811,-84.777406,1
MTC-H Camp Grayling-Cantonment, MI,44.68164244,-84.7276787,1
MTC-H Camp Grayling-MATES, MI,44.68625,-84.664931,1
MTCH Camp Guernsey, WY,42.262487,-104.740551,1
Muscatatuck Urban Training Center, IN,39.03558,-85.51446,1
Myrtle Beach AFB, SC,33.6723711,-78.93406228,1
N Penn, PA,40.180274,-75.3383999,1
NAS PT MUGU CA NAVAIRWARC, CA,34.112327,-119.110014,1
Nashville Metro, TN,36.10977,-86.67588,1
Natick Soldier Systems Center, MA,42.28943332,-71.36335475,1
NATIONAL ENERGY TECHNOLOGY LABORATORY -ALB, OR,44.623157,-123.120658,1
NATIONAL ENERGY TECHNOLOGY LABORATORY -MGN, WV,39.67234,-79.977347,1
NATIONAL ENERGY TECHNOLOGY LABORATORY -PGH, PA,40.305078,-79.974987,1
NAVAL AUX LANDING FIELD, RI,41.370278,-71.663056,1
NAVBASE CORONADO, CA,32.70192,-117.207393,1
NAVBASE SAN DIEGO, CA,32.675703,-117.123009,1
NAVCOMTELSTA STOCKTON, CA,37.951233,-121.360294,1
NAVFAC HAWAII P HARBOR, HI,21.341261,-157.949248,1
NAVSURFWARCEN WBETH DD, MD,38.974883,-77.192403,1
NAVSURFWARCENDIV CRANE, IN,38.841174,-86.812482,1
NCTAMSLANT DET CUTLER, ME,44.649271,-67.28509,1
Nellis AFB, NV,36.235409,-115.034192,1
New Boston Space Force Station, NH,42.976111,-71.694444,1
New Castle, DE,39.685975,-75.598668,1
New London ANGB (Stanly County Airport), NC,30.418611,-80.142222,1
NEW LONDON CT NSB, CT,41.382289,-72.079331,1
NEW ORLEANS LA NAS JRB, LA,29.831333,-90.020908,1
Newark AFB, OH,40.020632,-82.471413,1
Newport Chemical Depot, IN,39.83560381,-87.43130008,1
NEWPORT RI NETC, RI,41.529784,-71.308213,1
NG Sacramento Mather (AASF), CA,38.58188709,-121.4649938,1
Niagara Falls Air Reserve Station, NY,43.1154,-78.949352,1
NMC DET EARLE, NJ,40.261405,-74.147634,1
NMC DET YORKTOWN, VA,37.24487,-76.585557,1
NMC EAD DET PEARL HARBOR, HI,21.410604,-158.019808,1
Nome AAOF, AK,64.497336,-165.400106,1
Norfolk FMS #7, NE,41.995688,-97.433409,1
NORFOLK VA FISC, VA,37.21707,-76.486547,1
NORFOLK VA NB, VA,36.942607,-76.297968,1
North Smithfield, RI,41.982569,-71.574498,1
Norton AFB, CA,34.09832,-117.24,1
NSA ANDERSEN GUAM, GU,13.624263,144.860422,1
NSWC DIV PANAMA CITY, FL,30.172553,-85.7522,1
OAK RIDGE NATIONAL LABORATORY, TN,35.9275,-84.3169,1
OCEANA VA NAS, VA,36.815192,-76.031174,1
Offutt AFB, NE,41.118417,-95.913041,1
O'Hare Air Reserve Station, IL,41.97415149,-87.90729026,1
Onizuka Air Force Station, CA,37.408276,-122.0274703,1
Ontario Air Force Station, CA,34.05965079,-117.6076587,1
Orchard MATES Boise, ID,43.22752562,-116.1390188,1
Orlando NTC, FL,28.427079,-81.34611,1
OSO JIM CREEK WA NRS, WA,48.224477,-121.946485,1
Otis ANG (Joint Base Cape Cod -Massachusetts Military Reservation), MA,42.391929,-71.485778,1
PADUCAH GASEOUS DIFFUSION PLANT, KY,37.114444,-88.809167,1
Pang Base Enclave, OR,45.575709,-122.596726,1
PANTEX PLANT, TX,35.307037,-101.559419,1
Papago Military Reservation, AZ,33.46744211,-111.9621388,1
Parkersburg AASF #1, WV,39.3525,-81.444962,1
PARRIS ISLAND SC MCRD, SC,32.34124,-80.700801,1
Patrick Space Force Base, FL,28.234988,-80.603963,1
PATUXENT RIVER MD NAS, MD,38.281027,-76.421086,1
PEARL HARBOR HI FISC, HI,21.34036,-157.952552,1
PEARL HARBOR HI NSY, HI,21.34542,-157.952277,1
Pease, NH,43.087342,-70.820249,1
Pease AFB, NH,43.08025889,-70.82112856,1
Pelham Range, AL,33.7179613,-85.95026537,1
Pendleton Complex Armory / AASF, OR,45.692277,-118.851777,1
Pensacola (Ellyson Field), FL,30.529571,-87.203194,1
PENSACOLA FL NAS, FL,30.352483,-87.312397,1
Peoria AASF #3 and AASF #4, IL,40.664591,-89.680989,1
Peterson Space Force Base, CO,38.820337,-104.696366,1
Philadelphia NS, PA,39.893317,-75.181839,1
PHILADELPHIA PA NSWCSSES, PA,39.891046,-75.175988,1
Picatinny Arsenal, NJ,40.95431792,-74.54462714,1
Pine Bluff Arsenal, AR,34.32570643,-92.086517,1
Pittsburgh Air Reserve Station, PA,40.440625,-79.995886,1
Pittsburgh ANGB, PA,40.440625,-79.995886,1
Plant City Readiness Center, FL,28.01929,-82.111386,1
Plattsburgh AFB, NY,44.6835508,-73.4479039,1
Point Molate NFD, CA,37.948611,-122.413611,1
PORT HUENEME CA NFELC, CA,34.162891,-119.208418,1
Portland International Airport PORTLAND (EESOH-MIS name), OR,45.579239,-122.596063,1
PORTS NSYD PORTS NH, ME,43.08,-70.73417,1
PORTSMOUTH VA NH, VA,36.843501,-76.303343,1
PORTSMOUTH VA NORFOLK NSY, VA,36.814023,-76.297398,1
Presidio of Monterey, CA,36.60325429,-121.9121016,1
Presidio of Monterey - Sharpe Army Depot, CA,37.853982,-121.265966,1
Presque Isle SFRO, ME,46.696739,-68.012155,1
PRINCETON PLASMA PHYSICS LABORATORY, NJ,40.347904,-74.615684,1
Pueblo Army Depot Active, CO,38.31245177,-104.3296519,1
Pueblo Army Depot BRAC, CO,38.31245177,-104.3296519,1
Puerto Rico Muniz International Airport LUIS MUNIZ MARIN (EESOH-MIS name), PR,18.443918,-65.99407,1
Puerto Rico NA/NAVACT, PR,18.233086,-65.631263,1
Puget Sound NS Sand Point, WA,47.681039,-122.255505,1
PUGET SOUND WA NAVSHIPYD, WA,47.56121,-122.633754,1
QUANTICO VA MCCOMBDEV CMD, VA,38.552402,-77.455927,1
Quonset Point State Airport, RI,41.598549,-71.417641,1
Quonset Point-AASF, RI,41.594126,-71.41363,1
Radford Army Ammunition Plant, VA,37.18735619,-80.54208294,1
Rapid City Airport Complex, SD,44.08016574,-103.2669794,1
Red River Army Depot, TX,33.43374133,-94.35567152,1
Red River Army Depot,,,-94.35567152,1
Redstone Arsenal, AL,34.63316416,-86.65721864,1
Reese AFB, TX,33.5894958,-102.0348154,1
Reno AASF, NV,39.671694,-119.893777,1
Reno Tahoe, NV,39.49979,-119.772936,1
Richards-Gebaur AFB, MO,39.08569041,-94.5867016,1
Richmond International Airport Byrd Field, VA,37.509163,-77.30822,1
Rickenbacker, OH,39.811614,-82.941642,1
Rickenbacker,,39.816331,-82.941893,1
Rickenbacker (MTA) - AASF #2, OH,39.80503102,-82.95146253,1
Rio Vista, CA,38.172394,-121.688847,1
Riorancho, NM,35.37347883,-106.6520264,1
River Road Training Site, DE,39.63347368,-75.60711635,1
Riverbank Army Ammunition Plant, CA,37.713765,-120.918763,1
Robins AFB, GA,32.642862,-83.586503,1
Rochester Readiness Center/AASF #2, NY,43.11371946,-77.67312317,1
Rock Island Arsenal, IL,41.51707487,-90.54115613,1
ROCKET CTR WVA WV ABL MNR, WV,39.548997,-78.845708,1
ROCKY FLATS  COLORADO  SITE, CO,39.89416,-105.2017,1
Rocky Mountain Arsenal, CO,39.840238,-104.837867,1
Ronkonkoma Readiness Center/AASF #1, NY,40.7889411,-73.10519158,1
ROOSEVELT ROADS RQ CGARCA, PR,18.233086,-65.631263,1
Rosecrans Memorial, MO,39.766778,-94.902186,1
Roseville Armory, CA,38.757937,-121.295415,1
Roslyn Air National Guard Station, NY,40.7963889,-73.6269444,1
Roswell, NM,33.409744,-104.523304,1
Sacramento Army Depot, CA,38.525141,-121.394502,1
Saginaw Burn Pit Area, TX,32.86027229,-97.34951232,1
Salina AASF #2, KS,38.78374941,-97.64132935,1
Salisbury AASF #2, NC,35.647035,-80.524745,1
Salt Lake City, UT,40.788665,-111.958434,1
SAN DIEGO CA AUXLNDFLD, CA,33.022476,-118.584411,1
SAN DIEGO CA FASWTC PAC, CA,32.724696,-117.218432,1
SAN DIEGO CA NISE-WEST, CA,32.748674,-117.197009,1
SAN JUAN PR MCRC, PR,18.454409,-66.096757,1
SAN NICOLAS IS CA OLF, CA,34.034917,-120.367805,1
SANDIA NATIONAL LABORATORIES - CA, CA,37.67978,-121.71074,1
SANDIA NATIONAL LABORATORIES - NM, NM,35.055353,-106.532773,1
SANDIA NATIONAL LABORATORIES - TTR, NV,38.01899,-116.93459,1
Santa Fe AASF, NM,35.56971683,-106.0810458,1
SAUFLEY FLD FL NAS, FL,30.470444,-87.341373,1
Savanna Army Depot, IL,42.189466,-90.243143,1
Savannah International Airport, GA,32.131157,-81.188745,1
SAVANNAH RIVER SITE, SC,33.54031,-81.7079,1
Schenectady Airport, NY,42.852486,-73.923171,1
Schriever Space Force Base, CO,38.80338,-104.52564,1
Scott AFB, IL,38.541451,-89.85369,1
Scranton Army Ammunition Plant, PA,41.40417944,-75.6659088,1
SEAL BEACH CA WPNSUPFAC, CA,33.750466,-118.064189,1
Selfridge, MI,42.613489,-82.836852,1
Seneca Army Ammunition Plant, NY,42.805,-77.063,1
Seymour Johnson AFB, NC,35.348746,-77.967841,1
Shaw AFB, SC,33.97,-80.47,1
Shelbyville AASF, IN,39.57895964,-85.81102365,1
Sheppard AFB, TX,33.976016,-98.500712,1
Sierra Army Depot, CA,40.22608649,-120.1298376,1
Sierra Army Depot BRAC, CA,40.22608649,-120.1298376,1
Silver Bell Army Heliport, AZ,32.52287175,-111.333462,1
Sioux Gateway (Sioux City) SIOUX CTY APT ANG (EESOH-MIS name), IA,42.394901,-96.373373,1
Sky Harbor International Airport, AZ,33.425998,-112.011531,1
SLAC NATIONAL ACCELERATOR LABORATORY, CA,37.42125,-122.20422,1
SOLOMONS MD NRECC, MD,38.336478,-76.471379,1
South Burlington AASF / Readiness Center, VT,44.476535,-73.149487,1
South Weymouth NAS, MA,42.152399,-70.939759,1
Sparta Armory, IL,38.145232,-89.712921,1
SPAWARSYSCEN PACIFIC SD, CA,32.6965,-117.249459,1
Springfield AVCRAD, MO,37.224211,-93.268893,1
Springfield Municipal (Capital), IL,39.848093,-89.667264,1
Springfield-Beckley Municipal, OH,39.849242,-83.835456,1
St Cloud AASF, MN,45.56487604,-94.17741874,1
ST INIGOES MD NAVELEXSYS, MD,38.144615,-76.428733,1
St Louis Army Ammunition Plant, MO,38.698761,-90.263089,1
Standiford Field Air National Guard, KY,38.177675,-85.724723,1
State Military Reservation, NH,43.2106,-71.51292,1
Stern Armory, DE,39.729189,-75.623478,1
Stewart International Airport, NY,41.501428,-74.084417,1
Stockton AASF, CA,37.885881,-121.247291,1
Strafford TS - New Hampshire TS, NH,43.27780962,-71.12222056,1
STRATEGIC PETROLEUM RESERVE - BAYOU CHOCTAW, LA,30.3224,-91.2639,1
STRATEGIC PETROLEUM RESERVE - BIG HILL, TX,29.7475,-94.2383,1
STRATEGIC PETROLEUM RESERVE - BRYAN MOUND, TX,28.92,-95.36996,1
STRATEGIC PETROLEUM RESERVE - WEST HACKBERRY, LA,29.994105,-93.396277,1
Sudbury, MA,42.385,-71.412,1
Sunflower Army Ammunition Plant, KS,38.939032,-94.996585,1
Sustained Airborne TNG FAC, UT,40.434581,-111.929272,1
Tarheel Army Missile Plant, NC,36.09806,-79.407845,1
TASMG Gulfport, MS,30.41618689,-89.06287443,1
Tempe Readiness Center, AZ,33.42253829,-111.9235164,1
Tinker AFB, OK,35.425779,-97.391055,1
Tobyhanna Army Depot, PA,41.19772922,-75.42991761,1
Toledo Express, OH,41.589331,-83.794041,1
Tooele Army Depot, UT,40.52772819,-112.4142962,2
Tooele Army Depot South (Deseret Chemical Depot), UT,40.29682792,-112.3429894,1
Topeka Forbes Field AASF #1, KS,38.958398,-95.678074,1
Travis AFB, CA,38.263067,-121.949698,1
Treasure Island NS, CA,37.818506,-122.371651,1
Trenton NAWC-AD, NJ,40.269412,-74.810988,1
Truax Field, WI,43.1311,-89.3353,1
TS Ethan Allen Range, VT,44.50988918,-73.16355516,1
Tulsa AASF #2, OK,36.30253,-95.855222,1
Tulsa International Airport, OK,36.21625,-95.876816,1
Tustin MCAS, CA,33.707869,-117.824838,1
TWENTYNINE PALMS CA MAGCC, CA,34.459034,-116.138234,1
Twin Cities Army Ammunition Plant, MN,45.096519,-93.163245,1
Tyndall AFB, FL,30.042994,-85.535472,1
Umatilla Chemical Depot, OR,45.84264582,-119.4376557,1
Umatilla Depot, OR,45.84264583,-119.4376557,1
USAF Academy, CO,38.96345,-104.832459,1
USAG HI - Dillingham Military Reservation, HI,21.57965,-158.210533,1
USAG HI - Fort Shafter/Tripler Army Medical Center, HI,21.34585677,-157.883408,1
USAG HI - Hawaii - Wheeler Army Airfield, HI,21.484351,-158.04305,1
USAG HI - Helemano RAD REC Station, HI,21.53756646,-158.020045,1
USAG HI - Kahuku Training Area, HI,21.65538369,-157.9916473,1
USAG HI - Kilauea Military Reservation, HI,19.43392276,-155.2741468,1
USAG HI - Kipapa Ammunition Storage Site, HI,21.43962744,-158.0031099,1
USAG HI - Kunia Field Station, HI,21.47397729,-158.0542317,1
USAG HI - Makua Military Reservation, HI,21.53044114,-158.2066583,1
USAG HI - Oahu - Schofield Barracks, HI,21.483291,-158.039668,1
USAG HI - Pohakuloa Training Center, HI,19.71495021,-155.6270426,1
USAG HI - Waikakalaua Ammunition Storage Tunnels, HI,21.501165,-158.020678,1
Vance AFB/Kegelman, OK,36.343072,-97.907803,1
Vandenberg Space Force Base, CA,34.75,-120.522,1
Vega Baja Readiness Center, PR,18.446063,-66.402867,1
Vint Hill Farms, VA,38.748428,-77.673877,1
Volk Field, WI,43.939167,-90.2529,1
Volunteer Army Ammunition Plant, TN,35.085438,-85.13765,1
VTS Smyrna, TN,36.01808312,-86.50362093,1
W REED NAT MIL MED CTR, MD,39.001954,-77.090339,1
W.H. Ford Regional Training Center, KY,37.27766328,-87.20104205,1
Waiawa Unit Training Equipment Site (UTES), HI,21.484568,-158.041701,1
Wake Island,Other,19.282684,-166.648083,1
WALES AK, AK,65.61513,-168.09775,1
Wallops Flight Center, VA,37.941608,-75.462217,1
Warminster NAWC AD, PA,40.204319,-75.067753,1
WASHINGTON DC COMNAVDIST, DC,38.874022,-76.99497,1
WASHINGTON DC NAVSECSTA, DC,38.938798,-77.081649,1
WASHINGTON DC NRL, DC,38.823677,-77.023419,1
Watercraft Maintenance Support Center, PR,18.239522,-65.648539,1
Waterloo Big Rock AASF #2, IA,42.544639,-92.394426,1
Watervliet Arsenal, NY,42.71984203,-73.7081295,1
Weide AASF (enclave on APG), MD,39.394419,-76.292202,1
Wendover Airport - AVFAC, UT,40.719557,-114.033135,1
West Bend AASF #1 / Armory, WI,43.424965,-88.136117,1
West Point, NY,41.36170247,-74.02531045,1
Westfield/Barnes AASF, MA,42.159321,-72.71816,1
Westover Air Reserve Base, MA,42.201262,-72.545085,1
Wheeling - AASF #2, WV,40.180385,-80.63249,1
WHIDBEY IS WA NAS, WA,48.338638,-122.661501,1
White Oak- NSWC Dahlgren DIV Det (Silver Spring), MD,39.036977,-76.970019,1
White Sands Missile Range, NM,33.16446247,-106.4321006,1
White Sands Missile Range - Green River Test Site, UT,38.986038,-110.143156,1
Whiteman AFB, MO,38.728996,-93.560551,1
Whiteman Flight Facility, MO,38.732512,-93.567538,1
WHITING FLD FL NAS, FL,30.712805,-87.019983,1
Will Rogers International Airport, OK,35.404677,-97.610995,1
Williams AFB, AZ,33.30702272,-111.6587099,1
WILLIAMSBURG VA FISC CA, VA,37.284987,-76.619548,1
Willow Grove NASJRB, PA,40.198518,-75.145664,1
Wilmington Armory, DE,39.57122339,-75.58383014,1
Winder Barrow County Airport (enclave), GA,33.98363,-83.670192,1
Windsor Locks AASF, CT,41.944784,-72.673174,1
WK Kellogg, MI,42.315264,-85.249865,1
Wright Patterson AFB, OH,39.823069,-84.049489,1
Wurtsmith AFB, MI,44.45243021,-83.38047451,1
Y-12, TN,35.9844,-84.2613,1
Yeager (McLaughlin), WV,38.372966,-81.591703,1
Youngstown Air Reserve Station, OH,41.257562,-80.667245,1
YUMA AZ MCAS, AZ,32.645334,-114.602265,1
Yuma Proving Ground, AZ,32.68615673,-114.5201029,1
